no,name_,cattext,manufact,inkit,defquant,cost1,cost2,parttype,frequency,punitdesc,packquant,eachpercontainer,containerdesc,uomtext,uomeaches
2255,Adhesive Remover Pads,IV Supplies,Medline,,0,0.02,0.06,S,,Each,1,100,Box,Each,1
176,Adhesive Remover Wipes--Resolve,Surface Prep,Smith+Nephew,,0,0.11,0.33,S,,Each,1,50,Box,Each,1
2340,Alcohol Pads ( Kendall ),IV Supplies,Kendall,,0,0.0083,0.02,S,,Each,1,200,Box,Each,1
2191,Alcohol Swabstick,IV Supplies,Dynarex,,0,0.2158,0.65,S,,Each,1,250,Box,Each,1
919,"Aqua Guard w/spray barrier 10""x12""",Dressing,AQUAGUARD,,0,1.08,3.24,S,,Each,1,98,Box,Each,1
382,"Aqua Guard w/spray barrier 7""X7""",Dressing,AQUAGUARD,,0,1.21,3.63,S,,Each,1,98,Box,Each,1
2166,Aquawrap Large,IV Supplies,Aquawrap,,0,19.99,59.97,S,,Each,1,1,Each,Each,1
2165,Aquawrap Small,IV Supplies,Aquawrap,,0,12.99,38.97,S,,Each,1,1,Each,Each,1
1213,"Bandage, Ace 2""  Velcro",Bandage,ACE,,0,2.89,8.67,S,,Each,1,1,Each,Each,1
945,"Bandage, Ace 3""  VELCRO",Bandage,B-D,,0,3.72,11.16,S,,Each,1,1,Each,Each,1
1214,"Bandage, Ace 4""  Velcro",Bandage,BD,,0,4.43,13.29,S,,Each,1,1,Each,Each,1
2346,"Bandage, Angry Birds",Bandage,,,0,0.07,0.21,S,,Each,1,30,Box,Each,1
2359,"Bandage, Camo",Bandage,,,0,0.07,0.21,S,,Each,1,25,Box,Each,1
1585,"Bandage, JJ Dora The Explorer (25)",Bandage,Johnson & Johnson,,0,0.0776,0.23,S,,Each,1,25,Box,Each,1
605,"Bandage, JJ Mickey  (20)",Bandage,JOHNSON & JOHNSON,X,2,0.11,0.33,S,,Case,20,1,Box,Each,1
1566,"Bandage, JJ Spongebob (20)",Bandage,Johnson & Johnson,,0,0.097,0.29,S,,Each,1,20,Box,Each,1
1584,"Bandage, Nexcare Waterproof",Bandage,3M,,0,0.1,0.3,S,,Case,20,1,Box,Each,1
1969,"Bandage, Transformers ( 20 )",Bandage,Johnson & Johnson,,0,0.097,0.29,S,,Each,1,20,Box,Each,1
763,"Bandage: Coverlet 3/4"" x 3""",Bandage,BSN,,0,0.0397,0.12,S,,Each,1,100,Box,Each,1
754,"Bandage: Steri-Strip 1/2"" x 2""",Bandage,3M,,0,0.97,2.91,S,,Each,1,50,Box,Each,1
788,Bandage: Steri-Strip Tape 1/4x3,Bandage,3M,,0,1.15,3.45,S,,Each,1,50,Box,Each,1
1026,BaxJect 2,Misc. Items,Baxter,,0,0.0001,0,S,,Case,1,1,Box,Each,1
727,BaxJect Demo Kit,Misc. Supplies,Baxter,,0,0,0,S,,Case,5,1,Box,Each,1
2332,Baxter Flo-Gard 6201 ( IMS ),IV Pump,Baxter,,0,2.16,4.32,R,,,1,0,,Each,1
781,Betadine Swabsticks 3's,Surface Prep,Purdue Frederick,,0,0.3268,0.98,S,,Each,1,50,Box,Each,1
1952,"Biopatch 1"" Disc",Dressing,Johnson & Johnson,,0,8.64,25.92,S,,Each,1,10,Box,Each,1
400,ChloraPrep One-Step 3ml,Surface Prep,Medi-Flex,,0,1.06,3.18,S,,Each,1,25,Case,Each,1
1617,"Coflex Wrap 2""",Bandage,Medline,,0,1.02,3.06,S,,Each,1,36,Box,Each,1
1721,"Coflex Wrap 3""",Bandage,Medline,,0,1.7317,5.2,S,,Each,1,24,Box,Each,1
1850,Dressing Change Tray W/Chlorascrub,Dressing,Medline,,0,1.9865,5.96,S,,Each,1,40,Box,Each,1
2194,Dressing Kit W / PVP ( Med Stream ),Dressing,Med Stream,,0,2.062,6.19,S,,Each,1,30,Box,Each,1
2174,Dry Pro Large PICC Cover,IV Supplies,Dry Corp,,0,19.95,59.85,S,,Each,1,1,Each,Each,1
2173,Dry Pro Medium PICC Cover,IV Supplies,Dry Corp,,0,19.95,59.85,S,,Each,1,1,Each,Each,1
2172,Dry Pro Small PICC Cover,IV Supplies,Dry Corp,,0,19.95,59.85,S,,Each,1,1,Each,Each,1
2150,Epi-Clenz Foam Cleaner,Surface Prep,Medline,,0,3.3392,10.02,S,,Each,1,24,Box,Each,1
2195,"Gauze 4"" x 4"" ( Medline )",Dressing,Medline,,0,0.11,0.33,S,,Each,1,50,Box,Each,1
1616,"Gauze Pad 2"" x 2"" Sterile",Dressing,Medline,,0,0.0146,0.04,S,,Each,1,50,Box,Each,1
2376,"Gauze, Kerlix 2 1/4"" x 4 Yards",IV Supplies,Medical Specialties,,0,0.61,1.83,S,,Each,1,1,Each,Each,1
804,Gauze: 4x4 4ply sterile (2 pk),Dressing,Invacare,,0,0.118,0.35,S,,Each,1,25,Box,Each,1
2355,"Glove, Vinyl Large ( Aloe Touch )",Gloves,Medline,,0,0.042,0.13,S,,Each,1,100,Box,Each,1
2354,"Glove, Vinyl Medium ( Aloe Touch )",Gloves,Medline,,0,0.042,0.13,S,,Each,1,100,Box,Each,1
2353,"Glove, Vinyl Small ( Aloe Touch )",Gloves,Medline,,0,0.042,0.13,S,,Each,1,100,Box,Each,1
2180,"Glove, Vinyl Small ( shamrock )",Gloves,Medline,,0,0.0263,0.08,S,,Each,1,100,Box,Each,1
2418,"Glove, Vinyl X Small ( Aloe Touch )",Gloves,Medline,,0,0,0,S,,Each,1,100,Box,Each,1
2224,"Gloves, Sterile Size 9",Gloves,Medline,,0,1.76,5.28,S,,Each,1,25,Box,Each,1
646,"Gloves, Vinyl PF Lg",Gloves,Shamrock,,0,0.039,0.12,S,,Each,1,100,Box,Each,1
883,"Gloves, Vinyl PF Med ( Cedar )",Gloves,Shamrock,X,100,0.039,0.12,S,,Each,1,100,Box,Each,1
647,"Gloves, Vinyl PF Sm ( Aloe Touch )",Gloves,Shamrock,,0,0.03,0.09,S,,Each,1,100,Box,Each,1
1606,"Gloves, Vinyl PF X-Large",Gloves,Shamrock,,0,3.9,11.7,S,,Each,1,100,Box,Each,1
1132,Gloves: Sterile Vinyl Surg Large,Gloves,Cardinal Health,,0,0.621,1.86,S,,Each,1,50,Box,Each,1
1195,Gloves: Sterile Vinyl Surg Med,Gloves,Cardinal Health,,0,0.621,1.86,S,,Each,1,50,Box,Each,1
1194,Gloves: Sterile Vinyl Surg Sm,Gloves,Cardinal Health,,0,0.62,1.86,S,,Each,1,50,Box,Each,1
2396,"Hot Pack Instant 6"" x 9""",Miscellaneous,PSS,,0,0.67,2.01,S,,Each,1,24,Box,Each,1
2192,IV Start W / Chlorascrub ( Med Str),IV Supplies,Med Stream,,0,0.888,2.66,S,,Each,1,50,Box,Each,1
979,Mix2Vial 20/20,IV Supplies,ZLB Behring,,0,0.0001,0,S,,Case,1,1,Box,Each,1
2221,"Needle Safety 18g x 1""",Needles,Magellan,,0,0.2405,0.72,S,,Each,1,500,Box,Each,1
986,"Needle, Gripper Plus 20G 1""",Needles,"Deltec, Inc.",,0,4.3992,13.2,S,,Box,1,12,Box,Each,1
987,"Needle, Gripper Plus 20G 3/4""",Needles,"Deltec, Inc.",,0,4.3992,13.2,S,,Box,1,12,Box,Each,1
926,"Needle, Gripper Plus 22G 1""",Needles,"Deltec, Inc.",,0,4.3991,13.2,S,,Case,12,1,Box,Each,1
475,"Needle, Gripper Plus 22G 3/4""",Needles,"Deltec, Inc.",X,1,4.3992,13.2,S,,Each,1,12,Box,Each,1
908,"Needle, Gripper Plus 22G 5/8""",Needles,"Deltec, Inc.",,0,4.3992,13.2,S,,Box,1,12,Box,Each,1
2324,"Needle, Huber 20g x 1"" ( Progress)",Needles,Progressive Medical,,0,4.1517,12.46,S,,Each,1,12,Box,Each,1
1649,"Needle, Huber 20g x 1"" (Braun)",Needles,B.Braun,,0,2.5625,7.69,S,,Each,1,20,Box,Each,1
2285,"Needle, Huber 20g x 1/2"" ( Progres",Needles,Progressive Medical,,0,4.1517,12.46,S,,Each,1,12,Box,Each,1
1743,"Needle, Huber 20g x 3/4"" (Braun)",Needles,B.Braun,,0,3.7305,11.19,S,,Each,1,20,Box,Each,1
1625,"Needle, Huber 22g x .5"" (Braun)",Needles,B.Braun,,0,1.9845,5.95,S,,Each,1,20,Box,Each,1
914,"Needle, Huber 22G X 0.75 (Braun)",Needles,B.Braun,,0,1.8345,5.5,S,,Box,1,20,Box,Each,1
2206,"Needle, Huber 22g x 3/4"" ( Progres",Needles,Progressive Medical,,0,4.1517,12.46,S,,Each,1,12,Box,Each,1
42,"Needle, Insyte Autoguard  Winged 22",Needles,B-D,,0,2.0628,6.19,S,,Box,1,50,Box,Each,1
41,"Needle, Insyte Autoguard 24G 3/4""",Needles,B-D,,0,2.08,6.24,S,,Each,1,50,Box,Each,1
1254,"Needle, Introcan Safe 22G 1""",Needles,B.Braun,,0,1.8588,5.58,S,,Each,1,50,Box,Each,1
644,"Needle, Introcan Safe 24G 3/4""",Needles,B. Braun,,0,1.9176,5.75,S,,Each,1,50,Box,Each,1
2389,"Needle, Pen 31G UltraFine 5mm",Needles,B-D,,0,0.3035,0.91,S,,Case,100,1,Box,Each,1
2219,"Needle, Power Max 19g x 1 1/2""",Needles,Bard,,0,11.2,33.6,S,,Each,1,25,Box,Each,1
2199,"Needle, Winged 23g x 3/4"" SAFETY",Needles,Terumo,,0,0.6256,1.88,S,,Each,1,50,Box,Each,1
1149,"Needle, Winged 25g x 3/4"" SAFETY",Needles,Terumo,,0,0.5412,1.62,S,,Each,1,50,Box,Each,1
2108,"Needle, Winged 27g x 1/2""",Needles,Terumo,,0,0.4537,1.36,S,,Each,1,100,Box,Each,1
64,"Needle, Winged Set 23gx3/4"" Surflo",Needles,Terumo,,0,0.336,1.01,S,,Each,1,50,Box,Each,1
65,"Needle, Winged Set 25gx3/4"" Surflo",Needles,Terumo,X,1,0.33,0.99,S,,Each,1,50,Box,Each,1
218,"Needle: (Safety) 23g x 1""",Needles,B-D,,0,0.0363,0.11,S,,Each,1,500,Box,Each,1
212,"Needle: (Safety) 25g x 5/8""",Needles,B-D,,0,0.15,0.45,S,,Each,1,100,Box,Each,1
1077,Needle: (Safety) Vacutainer 22Gx 5/,Needles,B-D,,0,0.21,0.63,S,,Case,48,1,Box,Each,1
72,"Needle: 18g x 1"" (B-D)",Needles,B-D,,0,0.0452,0.14,S,,Each,1,100,Box,Each,1
517,"Needle: 30g x 1/2"" (B-D)",Needles,BECTON-DICKINSON,,0,0.11,0.33,S,,Each,1,100,Box,Each,1
2368,"Nexcare, Cold / Hot Pack",Miscellaneous,,,0,7.99,23.97,S,,Each,1,1,Each,Each,1
661,Novoseven Reconstitution Kit,RX Supply,Novo Nordisk,X,1,0.0001,0,S,,Each,1,1,Each,Each,1
2339,"Primapore Dressing 6"" x 3 1/8""",IV Supplies,Smith+Nephew,,0,1.2075,3.62,S,,Each,1,20,Box,Each,1
1093,Sani-Cloth Germicidal Surface Wipe,Surface Prep,PDI,X,1,0.56,1.68,S,,Each,1,50,Box,Each,1
438,Sani-Cloth Plus XL 65's,Surface Prep,PDI,,0,6.63,19.89,S,,Each,1,1,Each,Each,1
2278,Sharps 1.4 Qt Mailback ( Stericycle,IV Supplies,Stericycle,,0,24.99,74.97,S,,Each,1,1,Each,Each,1
826,Sharps Cont 1+ QT Stackable,Biohazard Disposal,Medical Action Industries,X,1,1.1732,3.52,S,,Each,1,72,Box,Each,1
2078,Sharps Container 2 Gallon,Biohazard Disposal,Winfield,,0,2.57,7.71,S,,Each,1,24,Box,Each,1
441,Sharps Container 6 Gal,Biohazard Disposal,B-D,,0,5.405,16.22,S,,Each,1,12,Box,Each,1
1989,Sharps Mailable 1 Gal (Stericycle ),Biohazard Disposal,Stericycle,,0,27.93,83.79,S,,Each,1,18,Box,Each,1
2156,Sharps Mailable 3 Gal ( Stericycle),Biohazard Disposal,Stericycle,,0,47.97,143.91,S,,Each,1,8,Box,Each,1
2220,"Sharps, Mailable 1 Quart",Biohazard Disposal,Sharps Compliance,,0,20.2008,60.6,S,,Each,1,12,Each,Each,1
2235,"Stasilon Dressing 2"" x 2""",Dressing,Entegrion,,0,14.9,44.7,S,,Each,1,10,Box,Each,1
2218,"Stasilon Dressing 4"" x 4""",Dressing,Entegrion,,0,18.25,54.75,S,,Each,1,10,Box,Each,1
1918,Sterile 70% Alcohol 16 oz.,Pharmacy,Texwipe,,0,0,0,S,,Each,1,12,Case,Each,1
1892,Sterile Dry Wipers,RX Supply,Texwipe,,0,0,0,S,,Each,1,100,Box,Each,1
2133,"Sterile Dry Wipes 9"" x 11""",Pharmacy,Texwipe,,0,0,0,S,,Each,1,50,Box,Each,1
1492,"Surgilast Dressing, Medium",Dressing,Medical Specialties,,0,0.3728,1.12,S,,Each,1,25,Box,Each,1
1243,"Syringe:  1cc 27G x 1/2"" needle",Syringes,B-D,,0,0.16,0.48,S,,Each,1,100,Box,Each,1
211,"Syringe:  1cc TB 27g x 1/2"" Safety",Syringes,B-D,,0,0.3689,1.11,S,,Each,1,100,Box,Each,1
33,Syringe:  3cc LL,Syringes,B-D,,0,0.0622,0.19,S,,Each,1,200,Box,Each,1
261,Syringe:  5cc LL,Syringes,B-D,,0,0.1023,0.31,S,,Each,1,125,Box,Each,1
2020,Syringe: 1/2cc Insulin 30g,Syringes,B-D,,0,0.2672,0.8,S,,Each,1,100,Box,Each,1
34,Syringe: 10cc LL,Syringes,B-D,X,1,0.1073,0.32,S,,Each,1,100,Box,Each,1
1009,"Syringe: 10cc w/20G x 1""",Syringes,B-D,,0,0.2282,0.68,S,,Each,1,100,Box,Each,1
20,Syringe: 20cc LL,Syringes,B-D,,0,0.2785,0.84,S,,Each,1,40,Box,Each,1
396,Syringe: 30cc LL,Syringes,B-D,,0,0.3183,0.95,S,,Each,1,40,Box,Each,1
1293,"Syringe: 3cc w/22G x 1""",Syringes,B-D,,0,0.1299,0.39,S,,Each,1,100,Box,Each,1
71,Syringe: 60cc LL,Syringes,B-D,,0,0.4753,1.43,S,,Each,1,40,Box,Each,1
1837,Syringe:::: Oral 10ml Clear,Syringes,B-D,,0,0.31,0.93,S,,Each,1,100,Box,Each,1
1845,Syringe:::: Oral 20ml Clear,Syringes,B-D,,0,0.6472,1.94,S,,Each,1,50,Box,Each,1
1839,Syringe:::: Oral 35ml Clear,Syringes,B-D,,0,1.7,5.1,S,,Each,1,25,Box,Each,1
1841,Syringe:::: Oral 60ml Amber,Syringes,B-D,,0,2.84,8.52,S,,Each,1,25,Box,Each,1
1840,Syringe:::: Oral 60ml Clear,Syringes,B-D,,0,2.15,6.45,S,,Each,1,25,Box,Each,1
1268,"Tape: Cloth 1"" x 10yd (Durapore)",Tape,3-M,,0,0.5992,1.8,S,,Each,1,12,Box,Each,1
1258,"Tape: Paper 1"" x 10yd (Micropore)",Tape,3M,,0,0.4308,1.29,S,,Each,1,12,Box,Each,1
113,"Tape: Plastic 1"" x 10yd (Transpore",Tape,3M,,0,0.8103,2.43,S,,Each,1,12,Box,Each,1
752,Tape:: Hypafix 2in x 10yds,Tape,BSN Medical,,0,10.7,32.1,S,,Each,1,1,Each,Each,1
921,Tegaderm IV DRS 2.37 x 2.75,Dressing,3M,,0,0.2994,0.9,S,,Each,1,100,Box,Each,1
801,"Tegaderm IV DRS 4X4.75""",Dressing,3M,,0,0.8782,2.63,S,,Each,1,50,Box,Each,1
662,Tourniquet,Nursing,,,0,9,27,S,,Case,0,1,Box,Each,1
863,Towel: Plastic Back 3 Ply,IV Supplies,Graham Medical,X,2,0.0518,0.16,S,,Each,1,500,Box,Each,1
1315,Towel::  PSS Sterile Field,IV Supplies,PSS,,0,0.4334,1.3,S,,Each,1,50,Box,Each,1
2241,"Underpad, 23"" x 24""",Miscellaneous,Medline,,0,0.1307,0.39,S,,Each,1,200,Box,Each,1
2187,"Vaseline Gauze 1"" x 36""",IV Supplies,Tyco Healthcare,,0,1.2775,3.83,S,,Each,1,12,Box,Each,1
