Organization Name,Address,HTC ID,"City, State",Phone ,Fax,Fax
Children's Rehabilitation Services,PO Box 11586 (State Office),332,"Montgomery, AL (36111)",334-613-2210,334-613-3553,
Children's Rehabilitation Services,"1610 Center Street, Suite A",350,"Mobile, AL (36604)",251-432-7881,251-432-9013,
Children's Rehabilitation Services,PO Drawer 2328,351,"Birmingham, AL (35201)",205-939-9285,205-933-7192,
Children's Rehabilitation Services,516 W. Thomason Circle,354,"Opelika, AL (36801)",334-749-8339,334-749-3530,
Children's Rehabilitation Services,"407 Governor's Dr. SW, Suite B",355,"Huntsville, AL (35801)",256-518-8650,256-518-9702,
University of Alabama Brimingham Medical Center,"1600 7th Ave. , South ACC 512",346,"Birmingham, AL (35233)",205-939-9285,205-975-1941,
Alaska Hemophilia Association and Treatment Center,16958 N. Eagle River Loop,933,"Eagle River, AK (99577)",907-622-4045,907-622-4038,
University of  Arizona Health Sciences Center,1515 N. Campbell Ave. P.O. Box 245024,804,"Tucson, AZ (85724)",520-626-2816,520-626-7077,
Arizona Hemophilia and Thrombosis Center at Phoenix Children's Hospital,1919 E. Thomas Rd.,806,"Phoenix, AZ (85016)",602-546-0920,602-546-0276,
Arkansas Center for Bleeding Disorders,800 Marshall Rd.,675,"Little Rock, AR (72202)",501-364-3569,501-364-4332,
Children's Hospital Oakland,747 52nd St.,857,"Oakland, CA (94610)",510-428-3286,510-601-3916,
Children's Hospital of Central California,9300 Valley Children's Place,862,"Madera, CA (93638)",559-353-5460,559-353-5490,
Children's Hospital of Los Angeles,"4650 Sunset Boulevard, Box 54",841,"Los Angeles, CA (90027)",323-361-4141,323-660-7128,
Children's Hospital of Orange County,455 South Main St.,855,"Orange, CA (92868)",714-532-8459,714-532-8771,
"Children's Hospital, San Diego",3020 Children's Way,854,"San Diego, CA (92123)",858-966-5811,858-966-8963,
City of Hope National Medical Center,"1500 E. Duarte Rd., MOB 4",858,"Duarte, CA (91010)",626-301-8426,626-301-8978,
Orthopaedic Hospital of Los Angeles,2400 S. Flower St.,853,"Los Angeles, CA (90007)",213-742-1357,213-742-1103,
Stanford University Medical Center,"1000 Welch Rd., Suite 300",844,"Palo Alto, CA (94304)",650-497-8953,650-723-5231,
University of California at Davis (Hemophilia Program),"2360 Stockton Blvd., Suite 1100",850,"Sacramento, CA (95817)",916-734-3461,916-451-3014,
"University of California, San Diego",200 W. Arbor Dr. ,842,"San Diego, CA (92103)",619-294-6479,619-298-5649,
"University of California, San Francisco","650 Moffitt, Box 0106",852,"San Francisco, CA (94143)",415-476-1280,415-476-3301,
Mountain States Regional Hemophilia and Thrombosis Center,"13001 E. 17th Place, P.O. Box 6507",801,"Aurora, CO (80045)",303-724-0362,303-724-0947,
UCONN Hemophilia Treatment Center,263 Farmington Ave.,10,"Farmington, CT (06030)",860-679-2576,860-679-4815,
Yale University School of Medicine,333 Cedar St.,2,"New Haven, CT (06510)",203-785-4640,203-737-2228,
Christiana Care Health Services,4755 Ogletown-Stanton Rd.,141,"Newark, DE (19718)",302-733-1542,302-733-3679,
Children's National Medical Center,111 Michigan Ave. NW,131,"Washington, DC (20010)",202-884-3622,202-884-2976,
Georgetown University Hospital,3800 Resevoir Rd. NW,132,"Washington, DC (20007)",202-687-0117,202-784-4344,
All Children's Hospital,"880 6th St. South, Suite 140",358,"St. Petersburg, FL (33701)",727-892-4176,727-892-4379,
Miami Comprehensive Hemophilia Center - Pediatrics,P.O. Box 016960,335,"Miami, FL (33101)",305-585-5635,305-325-8387,
Nemours Children's Clinic,807 Children's Way,333,"Jacksonville, FL (32207)",904-390-3789,904-390-3790,
University of South Florida - Adult,13000 Bruce B. Downs Blvd.,334,"Tampa, FL (33612)",813-972-7582,913-903-4862,
Backus Children's Hospital,4700 Waters Ave. P.O. Box 23089,340,"Savannah, GA (31403)",912-350-7285,912-350-8194,
Children's Healthcare of Atlanta at Scottish Rite,"5455 Meridian Mark Rd, Suite 260",339,"Atlanta, GA (30342)",404-785-3240,404-785-3619,
Emory University Hemophilia Program,"2015 Uppergate Dr, NE",353,"Atlanta, GA (30322)",404-727-1608,404-727-3681,
"Hemophilia of Georgia, Inc.","8800 Roswell Rd, Suite 170",331,"Atlanta, GA (30350)",770-518-8272,770-518-3310,
Medical College of Georgia - Adult,1120 15th St.,341,"Augusta, GA (30912)",706-721-0870,706-721-8302,
Medical College of Georgia - Pediatric,"1446 Harper St, BG-2013",357,"Augusta, GA (30912)",706-721-7367,706-721-2643,
Guam Comprehensive Hemophilia Care Program,P.O. Box 2816,861,"Hagatna, GU (96932)",671-735-7168,671-735-7351,
Hemophilia and Thrombosis Center of Hawaii,1319 Punahou St.,848,"Honolulu, HI (96826)",808-983-8551,808-983-8005,
Idaho Regional Hemophilia Center,100 East Idaho St.,934,"Boise, ID (83712)",208-381-2782,208-381-3172,
Children's Memorial Hospital,"2300 Children's Plaza, Box 30",555,"Chicago, IL (60614)",773-880-3977,312-880-3053,
Comprehensive Bleeding Disorders Center,5019 N. Executive Dr.,557,"Peoria, IL (61614)",309-692-4533,309-692-5277,
"John H. Stroger, Jr. Hospital of Cook County",1900 W. Polk St.,554,"Chicago, IL (60612)",312-864-4167,312-864-9002,
Northwestern University,"676 N. St Clair, Suite 850",553,"Chicago, IL (60611)",312-695-6180,312-695-4530,
Rush University Medical Center,1725 W. Harrison St. Suite 718,569,"Chicago, IL (60612)",312-942-8114,312-942-4168,
Stoger Children's Hospital of Cook County,"700 S. Wood St., Rm. 7206",575,"Chicago, IL (60612)",312-864-4167,312-942-9001,
Indiana Hemophilia and Thrombosis Center,8402 Harcourt Rd. Suite 420,440,"Indianapolis, IN (46260)",317-871-000 Ext. 236,317-871-0010,
University of Iowa Hospitals and Clinics (Iowa Regional Hemophilia Center),2519 JCP,731,"Iowa City, IA (52242)",319-356-4277,319-356-7659,
Brown Cancer Center (Hemophilia Treatment Center),529 South Jackson,254,"Louisville, KY (40202)",502-595-4582,502-562-4373,
North Kosair Children's Medical Center,200 E. Chestnut St.,252,"Louisville, KY (40492)",502-629-7750,502-629-7784,
University of Kentucky Hemophilia Treatment Center,740 S. Limestone St.,255,"Lexington, KY (40536)",800-333-7359,859-257-9822,
Louisiana Center for Bleeding and Clotting Disorders,1430 Tulane Ave.,674,"New Orleans, LA (70112)",504-988-5433,504-988-3508,
Maine Medical Center,"100 US Route 1, Unit 104",4,"Scarborough, ME (04074)",207-885-7683,207-885-7687,
Johns Hopkins University Medical Center,720 Rutland Ave.,151,"Baltimore, MD (21205)",304-614-0834,410-502-5114,
Boston Hemophilia Center- Brigham and Women's,75 Francis St.,13,"Boston, MA (02115)",617-732-5844,617-732-5706,
Boston Hemophilia Center- Children's Hospital,,12,"Boston, MA (02115)",617-355-8246,617-730-0018,
New England Hemophilia Center,119 Belmont St.,1,"Worcester, MA (01605)",508-793-6276,508-793-6920,
Cascade Hemophilia Consortium,"210 E. Huron, Suite C2",422,"Ann Arbor, MI (48104)",734-996-3300,734-996-5566,
Children's Hospital of Michigan,3901 Beaubien Blvd.,21,"Detroit, MI (48201)",313-745-5690,313-745-5237,
Devros Children's Hospital,100 Michigan St. N.E.,430,"Grand Rapids, MI (49503)",616-391-2033,616-391-9266,
DMC Karmanos Cancer Institute,4100 John R. 4 Hudson Webber,445,"Detroit, MI (48201)",313-576-8707,313-576-8764,
Eastern Michigan Hemophilia Treatment Center,One Hurley Plaza,429,"Flint, MI (48503)",800-257-9432,810-237-6750,
Hemophilia Clinic of West Michigan Cancer Center,200 N. Park St.,428,"Kalamazoo, MI (49007)",269-373-7479,269-373-7478,
Hemophilia Foundation of Michigan,1921 W. Michigan Ave.,421,"Ypsilanti, MI (48197)",734-544-4226 Ext. 0015,734-544-0095,
Henry Ford Hospital Adult Hemophilia and Thrombosis Treatment Center,2799 W. Grand Blvd.,424,"Detroit, MI (48202)",313-916-3790,313-916-9047,
Michigan State University Center for Bleeding Disorders and Clotting Disorders,2900 Hannah Blvd. Room 202,442,"East Lansing, MI (48823)",517-353-9385,517-353-9421,
Munson Medical Center,1105 Sixth St.,426,"Traverse City, MI (49684)",231-935-7227,231-935-6582,
University of Michigan Hemophilia and Coagulation Disorders,1500 E. Medical Center Dr.,446,"Ann Arbor, MI (48109)",734-936-6393,734-936-5953,
West Michigan Pediatric at Bronson,"601 John St., Suite E. 300",427,"Kalamazoo, MI (49007)",269-341-6350,269-341-8580,
Children's Hospitals and Clinics of Minnesota,"2525 Chicago Ave. S, Suite 4150",558,"Minneapolis, MN (55404)",612-813-5940,612-813-6325,
Mayo Comprehensive Hemophilia Center,200 First St. SW Hilton 106,560,"Rochester, MN (55905)",800-344-7726,507-284-8286,
University of Minnesota Medical Center - Fairview,"420 Delaware St, SE",559,"Minneapolis, MN (55455)",612-626-6455,612-625-4955,
University of Mississippi Medical Center,2500 N. State St.,343,"Jackson, MS (39216)",601-984-2710,601-984-5279,
Hemohpilia Treatment Center,One Hospital Dr. - 7W12 K,736,"Columbia, MO (65212)",573-882-9355,573-884-4277,
Kansas City Regional Hemophilia Center,2401 Gillham Rd.,733,"Kansas City, MO (64108)",816-234-3508,816-802-1270,
St. Louis Regional Center for Childhood Bleeding and Blood Clotting Disroders,"3635 Vista Ave, Suite 103",735,"St. Louis, MO (63110)",314-577-6168,314-268-5643,
The John Bouhasin Center for Children with Bleeding Disorders,1465 S. Grand Blvd.,734,"St. Louis, MO (63104)",314-577-5332,314-577-5309,
Nebraska Regional Hemophilia Treatment Center,,739,"Omaha, NE (68198)",402-559-4227,402-559-8101,
Hemophilia Treatment Center of Las Vegas,"1090 E. Desert Inn Rd., Suite 200",863,"Las Vegas, NV (89109)",702-732-1493,702-732-3225,
Dartmouth-Hitchcock Hemophilia Center,One Medical Center Dr.,6,"Lebanon, NH (03756)",603-650-5486,603-650-6786,
Children's Hospital of Philadelphia Specialty Center,"1012 Laurel Oak Rd., Building 1014",152,"Voorhees, NJ (08043)",856-435-7502,856-627-2183,
Newark Beth Israel Medical Center,201 Lyons Ave. at OsborneTerrace,70,"Newark, NJ (07112)",973-926-6511,973-391-0048,
St. Michael's Medical Center,111 Central Ave.,55,"Newark, NJ (07102)",973-877-5340,973-877-5466,
UMDNJ - Robert Wood Johnson University Hospital,"One Robert Wood Johnson Place, Room 378C",54,"New Brunswick, NJ (08903)",732-235-6542,732-235-7115,
Ted R. Montoya Hemophilia Center,1 University of New Mexico,802,"Albuquerque, NM (87121)",505-272-6420,505-373-8699,
Hemophilia Center of Western New York - Adult,"462 Grider St., Suite 20",59,"Buffalo, NY (14215)",716-896-2470,716-898-5537,
Hemophilia Center of Western New York - Pediatric,219 Bryant St.,69,"Buffalo, NY (14222)",716-878-7446,716-888-3801,
Long Island Jewish Medical Center,270-05 76th Ave.,62,"New Hyde Park, NY (11040)",718-470-7380,718-347-8903,
"Mary M. Gooley Hemophilia Center, Inc.","1415 Portland Ave., Suite 425",56,"Rochester, NY (14621)",585-922-5700,585-922-5775,
Mount Sinai School of Medicine,"19 E. 98th St., Suite 9D Box 1078",63,"New York, NY (10029)",212-241-8303,212-722-6079,
SUNY Upstate Medical University - Adult ,750 E. Adams St.,57,"Syracuse, NY (13210)",315-464-8200,315-464-8288,
SUNY Upstate Medical University - Pediatric,750 E. Adams St.,58,"Syracuse, NY (13210)",315-464-5294,315-464-7238,
The Regional Comprehensive Hemophilia & von Willebrand Treatment Center,47 New Scotland Ave.,60,"Albany, NY (12208)",518-262-5827,518-262-6320,
UHSH Blood Disorder Center,33-57 Harrison St.,61,"Johnson City, NY (13790)",607-763-6436,607-763-5514,
Weill Medical College of Cornell University,"525 E. 68th St., Room P-695",52,"New York, NY (10021)",212-746-2418,212-746-8986,
East Carolina University - Brody School of Medicine,PCMH 288 West,256,"Greenville, NC (27858)",252-744-4676,252-744-8199,
University of North Carolina at Chapel Hill,"Medical School Wing E., Room 128",262,"Chapel Hill, NC (27599)",919-966-4736,919-962-8224,
Wake Forest University School of Medicine,,251,"Winston-Salem, NC (27157)",336-716-4324,336-716-3010,
MeritCare Hospital DBA Roger Maris Cancer Center,820 Fourth St. North,562,"Fargo, ND (58122)",701-234-7544,701-234-7577,
Children's Hospital Medical Center of Akron,One Perkins Square,444,"Akron, OH (44308)",330-543-8732,330-258-3220,
Cincinnati Children's Hospital Medical Center,3333 Burnet Ave. ,433,"Cincinnati, OH (45229)",513-636-4269,513-636-5599,
Columbus Children's Hospital,700 Children's Dr.,436,"Columbus, OH (43205)",614-722-3240,614-722-3271,
Dayton Children's Medical Center,One Children's Plaza,439,"Dayton, OH (45404)",937-641-5877,937-641-5878,
"Forum Health, Youngstown Hemophilia Center","500 Gypsy Lane, 1st Floor",435,"Youngstown, OH (44501)",330-884-4176,330-884-0509,
Northwest Ohio Hemophilia Treatment Center,2150 W. Centeral Ave.,437,"Toledo, OH (43606)",419-291-2210,419-479-3258,
Ohio State University Medical Center,320 W. 10th Ave.,432,"Columbus, OH (43210)",614-293-8183,614-293-7529,
UHHS Cleveland,11100 Euclid Ave.,443,"Cleveland, OH (44106)",216-844-3345,216-844-5431,
University of Cincinnati Medical Center,231 Albert Sabin Way,434,"Cincinnati, OH (45267)",513-584-7639,513-584-1024,
Oklahoma Center for Bleeding Disorders,"940 N.E. 13th St., Room 3008 P.O. Box 26307",676,"Oklahoma City, OK (73104)",405-271-3661,405-271-3756,
Oregon Hemophilia Treatment Center,707 SW Gaines Road,932,"Portland, OR (97239)",503-494-8716,503-494-2721,
Cardeza Foundation Hemophilia Center,111 S. 11th St.,139,"Philadelphia, PA (19107)",215-955-8435,215-955-2342,
Children's Hospital of Philadelphia,34th St. & Civic Center Blvd. 4th Floor Wood Building,28,"Philadelphia, PA (19104)",215-590-4493,215-590-3992,
Hemophilia Center of Central Pennsylvania,"500 University Dr., PO Box 850",143,"Hershey, PA (17033)",717-531-7468,717-531-0647,
Hemophilia Center of Western Pennsylvania,3636 Boulevard of the Allies,146,"Pittsburgh, PA (15213)",412-209-7280,412-209-7281,
Lehigh Valley Hospital,"1240 S. Cedar Crest Blvd., Suite 103",145,"Allentown, PA (18105)",610-402-0640,610-402-0644,
Pennsylvania Comprehensive Hemophilia Program,"51 N. 39th St. Medical Arts Building, Suite 106",153,"Philadelphia, PA (19104)",215-662-9960,215-243-4621,
Puerto Rico Hemophilia Treatment Center,Box 5067,53,"San Juan, PR (00936)",787-777-3535 Ext. 7013/4,787-751-5812,
Rhode Island Hospital,,7,"Providence, RI (02903)",401-444-8250,401-444-6104,
Palmetto Health Richland,"7 Richland Medical Park Rd., Suite 203",257,"Columbia, SC (29203)",803-434-3533,803-434-3094,
South Dakota Center for Blood Disorders,1305 W. 18th St.,573,"Souix Falls, SD",605-333-7171,605-333-1585,
East Tennessee Comprehensive Hemophilia Center,1928 Alcoa Highway,259,"Knoxville, TN (37920)",865-544-9170,865-544-9876,
St. Jude Research Hospital,332 N. Lauderdale,261,"Memphis, TN (38105)",901-495-5700,901-495-2952,
University of Tennessee - Memphis,920 Madison Ave,258,"Memphis, TN (38103)",901-448-6454,901-448-7929,
Vanderbilt University Medical Center,2200 Children's Way,260,"Nashville, TN (37232)",615-936-1765,615-936-1767,
Fort Worth Comprehensive Hemophilia Center,801 Seventh Ave.,677,"Ft. Worth, TX (76104)",682-885-4007,682-885-3914,
Galveston Hemophilia Program,,672,"Galveston, TX (77555)",409-772-1164,409-772-3533,
Gulf States Hemophilia and Thrombosis Center,"6655 Travis, Suite 400",671,"Houston, TX (77030)",713-500-8360,713-500-8364,
North Texas Comprehensive Hemophilia Center - Adult,5323 Harry Hines Blvd.,678,"Dallas, TX (75390)",214-648-1937,214-648-1955,
North Texas Hemophilia and Thrombosis Program - Pediatric,1935 Motor St.,680,"Dallas, TX (75235)",214-456-2379,214-456-6133,
South Texas Comprehensive Hemophilia Center,"333 N. Santa Rosa, 8th Floor",679,"San Antonio, TX (78207)",210-704-2187,210-704-3577,
Texas Children's Hemophilia and Thrombosis Center,6621 Fannin,682,"Houston, TX (77030)",832-822-4240,832-825-4649,
Mountain States Regional Hemophilia Center - Utah,100 N. Medical Dr.,807,"Salt Lake City, UT (84113)",801-588-3477,801-588-2662,
Vermont Regional Hemophilia Center,1 S. Prospect St.,8,"Burlington, VT (05401)",802-847-8041,802-847-8041,
Children's Hospital of the King's Daughters,601 Children's Lane,138,"Norfolk, VA (23507)",757-668-7243,757-668-7811,
University of Virginia Hospital,,135,"Charlottesville, VA (22908)",434-924-8499,434-924-5452,
University of Virginia Hospital Adult Hemophilia Program,"Jordan Hall, Room 2353",154,"Charlottesville, VA (22908)",434-243-5809,434-982-4186,
Virginia Commonwealth University,"1200 E. Broad St., Room 442",137,"Richmond, VA (23298)",804-827-3306,804-692-0291,
Children's Hospital and Regional Medical Center,"4800 Sand Point Way N.E., P.O. Box C5371",930,"Seattle, WA (98105)",206-987-2106,206-987-3946,
Puget Sound Blood Center & Program,921 Terry Ave.,931,"Seattle, WA (98104)",206-292-6507,206-292-8030,
Sacred Heart Children's Hospital - Pediatric Hematology/ Oncology Reasearch,100 W. 8th St.,936,"Spokane, WA (99204)",509-474-2765,509-474-2946,
Charleston Area Medical Center,3200 MacConkle Ave. S.E.,149,"Charleston, WV (25304)",,304-388-8968,
West Virginia University Medical Center,P.O. Box 9162,147,"Morgantown, WV (26506)",,304-293-3793,
Comprehensive Center for Bleeding Diorders,P.O. Box 2178,574,"Milwaukee, WI (53201)",414-257-2424,414-937-6580,
Great Lakes Hemophilia Foundation,"638 N. 18th St., Suite 108",551,"Milwaukee, WI (53233)",414-257-0200,414-257-1225,
Gundersen Clinic,1836 South Ave.,565,"LaCrosse, WI (54601)",608-782-7300,608-791-6692,
Hemophilia Outreach Centre,1794 E. Allouez Ave.,564,"Green Bay, WI (54311)",920-965-0606,920-965-0607,
UWHC Comprehensive Program for Bleeding Disorders,2704 Marshall Court,567,"Madison, WI (53705)",608-890-9495,608-262-8539,
