Factor Products,Manufacturer,Type
Kogenate FS,Bayer,8
Advate,Baxter,8
Helixate FS,CSL,8
Xyntha,Pfizer,8
Benefix,,9
Alphanate,Grifols,8
Hemofil,Baxter,8
Humate P,CSL,"8, vw"
Koate DVI,Bayer,8
Monarch-M,Baxter,8
Monoclate P,CSL,8
Profilate SD,Grifols,8
Recombinate,Baxter,8
ReFacto,Pfizer,8
Wilate,Octapharma,8
AlphaNine SD,Grifols,9
Mononine,CSL,9
Profilnine SD,Grifols,Complex 9 product
Proplex T,Baxter,Complex 9 product
Bebulin VH,Baxter,Complex 9 product
Autoplex T,Baxter,Inhibitor
Feiba VH,Baxter,Inhibitor
Hyate-C,Ipsen,Inhibitor
Novo Seven,Novo Nordisk,Inhibitor
Amicar,Xanodyne Pharmaceuticals,Specialty
Cyklokapron,Pfizer,
DDAVP Injection,Aventis,
Stimate,CSL,"vw, 8"
Lysteda,,
